Lookup IP,Mobile,Date,Proxy,ISP,Organization,ASN,Host,Country Code,City,Region,Latitude,Longitude,Strictness Level,TOR,VPN,Active TOR,Active VPN,Connection Type,Abuse Velocity,Recent Abuse,Bot Status,Fraud Score,Browser,OS,Brand,Model,User Activity,Original Column 1
128.138.65.216,FALSE,2022-03-23T14:47:02-04:00,FALSE,University of Colorado at Boulder,University of Colorado at Boulder,104,ucb-np2-216.colorado.edu,US,Boulder,Colorado,40.09000015,-105.37000275,1,FALSE,FALSE,FALSE,FALSE,Premium required.,Premium required.,FALSE,FALSE,0,N/A,N/A,N/A,N/A,N/A,128.138.65.216
85.255.234.132,FALSE,2022-03-23T14:47:02-04:00,FALSE,Vodafone,Vodafone,25135,85.255.234.132,GB,London,England,51.50999832,-0.09,1,FALSE,FALSE,FALSE,FALSE,Premium required.,Premium required.,FALSE,FALSE,0,N/A,N/A,N/A,N/A,N/A,85.255.234.132
166.137.244.120,FALSE,2022-03-23T14:47:02-04:00,FALSE,AT&T Wireless,AT&T Wireless,20057,mobile-166-137-244-120.mycingular.net,US,Norristown,Pennsylvania,40.19,-75.35,1,FALSE,FALSE,FALSE,FALSE,Premium required.,Premium required.,FALSE,FALSE,0,N/A,N/A,N/A,N/A,N/A,166.137.244.120
78.87.56.246,FALSE,2022-03-23T14:47:02-04:00,FALSE,Vodafone Greece,Vodafone Greece,3329,78-56-246.adsl.cyta.gr,GR,Sparti,Peloponnese,37.06999969,22.43000031,1,FALSE,FALSE,FALSE,FALSE,Premium required.,Premium required.,FALSE,FALSE,0,N/A,N/A,N/A,N/A,N/A,78.87.56.246
37.26.146.189,FALSE,2022-03-23T14:47:02-04:00,FALSE,Golan Telecom,Golan Telecom,198484,37.26.146.189,IL,Netanya,Central District,32.33000183,34.86000061,1,FALSE,FALSE,FALSE,FALSE,Premium required.,Premium required.,FALSE,FALSE,0,N/A,N/A,N/A,N/A,N/A,37.26.146.189
85.228.195.15,FALSE,2022-03-23T14:47:02-04:00,FALSE,Telenor Sverige AB,Telenor Sverige AB,2119,c-0fc3e455.012-78-6d6c6d4.bbcust.telenor.se,SE,Malmo,Skne County,55.59999847,13,1,FALSE,FALSE,FALSE,FALSE,Premium required.,Premium required.,FALSE,FALSE,0,N/A,N/A,N/A,N/A,N/A,85.228.195.15
142.169.78.117,FALSE,2022-03-23T14:47:03-04:00,TRUE,Telus Communications,Telus Communications,852,142.169.78.117,CA,Boucherville,Quebec,45.59,-73.42,1,FALSE,FALSE,FALSE,FALSE,Premium required.,Premium required.,TRUE,TRUE,100,N/A,N/A,N/A,N/A,N/A,142.169.78.117
217.126.82.237,FALSE,2022-03-23T14:47:03-04:00,TRUE,Telefonica de Espana Static IP,Telefonica de Espana Static IP,3352,237.red-217-126-82.staticip.rima-tde.net,ES,Masquefa,Catalonia,41.5,1.80999994,1,FALSE,FALSE,FALSE,FALSE,Premium required.,Premium required.,FALSE,FALSE,70,N/A,N/A,N/A,N/A,N/A,217.126.82.237
131.210.235.0,FALSE,2022-03-23T14:47:03-04:00,FALSE,University of Wisconsin System,University of Wisconsin System,3128,131.210.235.0,US,Kenosha,Wisconsin,42.58000183,-87.81999969,1,FALSE,FALSE,FALSE,FALSE,Premium required.,Premium required.,FALSE,FALSE,0,N/A,N/A,N/A,N/A,N/A,131.210.235.0
110.54.246.22,FALSE,2022-03-23T14:47:03-04:00,FALSE,Globe Telecom,Globe Telecom,132199,110.54.246.22,PH,Lahug,Central Visayas,10.32999992,123.90000153,1,FALSE,FALSE,FALSE,FALSE,Premium required.,Premium required.,FALSE,FALSE,0,N/A,N/A,N/A,N/A,N/A,110.54.246.22
98.6.97.26,FALSE,2022-03-23T14:47:04-04:00,TRUE,Spectrum Business,Spectrum Business,11427,rrcs-98-6-97-26.sw.biz.rr.com,US,Dallas,Texas,32.77999878,-96.81999969,1,FALSE,TRUE,FALSE,FALSE,Premium required.,Premium required.,FALSE,FALSE,78,N/A,N/A,N/A,N/A,N/A,98.6.97.26
72.136.121.194,FALSE,2022-03-23T14:47:04-04:00,FALSE,Rogers Cable,Rogers Cable,812,cpef0f249a0c4b3-cmf0f249a0c4b0.cpe.net.cable.rogers.com,CA,Midland,Ontario,44.73,-79.91,1,FALSE,FALSE,FALSE,FALSE,Premium required.,Premium required.,FALSE,FALSE,0,N/A,N/A,N/A,N/A,N/A,72.136.121.194
104.14.151.41,FALSE,2022-03-23T14:47:04-04:00,FALSE,AT&T Internet Services,AT&T Internet Services,7018,104.14.151.41,US,Palmetto Bay,Florida,25.61,-80.35,1,FALSE,FALSE,FALSE,FALSE,Premium required.,Premium required.,FALSE,FALSE,0,N/A,N/A,N/A,N/A,N/A,104.14.151.41
71.57.194.160,FALSE,2022-03-23T14:47:04-04:00,FALSE,Comcast Cable,Comcast Cable,7922,c-71-57-194-160.hsd1.va.comcast.net,US,Front Royal,Virginia,38.91,-78.16,1,FALSE,FALSE,FALSE,FALSE,Premium required.,Premium required.,FALSE,FALSE,0,N/A,N/A,N/A,N/A,N/A,71.57.194.160
186.11.76.144,FALSE,2022-03-23T14:47:05-04:00,FALSE,Entel Chile,Entel Chile,27651,client-186-11-76-144.imovil.entelpcs.cl,CL,Santiago,Santiago Metropolitan,-33.45000076,-70.66999817,1,FALSE,FALSE,FALSE,FALSE,Premium required.,Premium required.,FALSE,FALSE,0,N/A,N/A,N/A,N/A,N/A,186.11.76.144
70.27.9.3,FALSE,2022-03-23T14:47:05-04:00,FALSE,Bell DSL Internet,Bell DSL Internet,577,bras-base-stckon0807w-grc-43-70-27-9-3.dsl.bell.ca,CA,Burlington,Ontario,43.35,-79.76,1,FALSE,FALSE,FALSE,FALSE,Premium required.,Premium required.,FALSE,FALSE,0,N/A,N/A,N/A,N/A,N/A,70.27.9.3
212.17.72.28,FALSE,2022-03-23T14:47:05-04:00,FALSE,Magenta Telekom,Magenta Telekom,8412,212-17-72-28.cable.dynamic.surfer.at,AT,Vienna,Vienna,48.20000076,16.37000084,1,FALSE,FALSE,FALSE,FALSE,Premium required.,Premium required.,FALSE,FALSE,0,N/A,N/A,N/A,N/A,N/A,212.17.72.28
101.165.234.95,FALSE,2022-03-23T14:47:05-04:00,FALSE,Telstra Internet,Telstra Internet,1221,cpe-101-165-234-95.vb08.vic.asp.telstra.net,AU,Melbourne,Victoria,-37.81000137,144.96000671,1,FALSE,FALSE,FALSE,FALSE,Premium required.,Premium required.,FALSE,FALSE,0,N/A,N/A,N/A,N/A,N/A,101.165.234.95
121.213.112.221,FALSE,2022-03-23T14:47:05-04:00,FALSE,Telstra Internet,Telstra Internet,1221,cpe-121-213-112-221.vb01.vic.asp.telstra.net,AU,Kew,Victoria,-37.81999969,145.02999878,1,FALSE,FALSE,FALSE,FALSE,Premium required.,Premium required.,FALSE,FALSE,0,N/A,N/A,N/A,N/A,N/A,121.213.112.221
122.111.105.247,FALSE,2022-03-23T14:47:06-04:00,FALSE,Optus,Optus,4804,n122-111-105-247.meb3.vic.optusnet.com.au,AU,Melbourne,Victoria,-37.81000137,144.96000671,1,FALSE,FALSE,FALSE,FALSE,Premium required.,Premium required.,FALSE,FALSE,0,N/A,N/A,N/A,N/A,N/A,122.111.105.247
116.251.198.183,FALSE,2022-03-23T14:47:06-04:00,FALSE,TrustPower,TrustPower,55850,ip-116-251-198-183.kinect.net.nz,NZ,Tauranga,Bay of Plenty,-37.68999863,176.16999817,1,FALSE,FALSE,FALSE,FALSE,Premium required.,Premium required.,FALSE,FALSE,0,N/A,N/A,N/A,N/A,N/A,116.251.198.183
101.53.216.251,FALSE,2022-03-23T14:47:07-04:00,FALSE,TrustPower,TrustPower,55850,ip-101-53-216-251.kinect.net.nz,NZ,Wellington,Wellington,-41.29999924,174.77999878,1,FALSE,FALSE,FALSE,FALSE,Premium required.,Premium required.,FALSE,FALSE,20,N/A,N/A,N/A,N/A,N/A,101.53.216.251
220.238.203.125,FALSE,2022-03-23T14:47:08-04:00,FALSE,Optus,Optus,4804,n220-238-203-125.mas2.nsw.optusnet.com.au,AU,Sydney,New South Wales,-33.86000061,151.21000671,1,FALSE,FALSE,FALSE,FALSE,Premium required.,Premium required.,FALSE,FALSE,0,N/A,N/A,N/A,N/A,N/A,220.238.203.125
1.127.106.212,FALSE,2022-03-23T14:47:09-04:00,FALSE,Telstra Internet,Telstra Internet,1221,1.127.106.212,AU,Perth,Western Australia,-31.95000076,115.86000061,1,FALSE,FALSE,FALSE,FALSE,Premium required.,Premium required.,FALSE,FALSE,0,N/A,N/A,N/A,N/A,N/A,1.127.106.212
91.119.109.130,FALSE,2022-03-23T14:47:10-04:00,FALSE,Magenta Telekom,Magenta Telekom,8412,91-119-109-130.dsl.dynamic.surfer.at,AT,Vienna,Vienna,48.20000076,16.37000084,1,FALSE,FALSE,FALSE,FALSE,Premium required.,Premium required.,FALSE,FALSE,0,N/A,N/A,N/A,N/A,N/A,91.119.109.130
27.116.38.227,FALSE,2022-03-23T14:47:02-04:00,TRUE,Binary Networks,Binary Networks Pty,55581,static-38-227.mel.0101.net.au,AU,Carnegie,Victoria,-37.88000107,145.07000732,1,FALSE,FALSE,FALSE,FALSE,Premium required.,Premium required.,FALSE,FALSE,70,N/A,N/A,N/A,N/A,N/A,27.116.38.227
194.223.187.105,FALSE,2022-03-23T14:47:03-04:00,FALSE,TPG Internet,TPG Internet,7545,194-223-187-105.tpgi.com.au,AU,Perth,Western Australia,-31.95000076,115.86000061,1,FALSE,FALSE,FALSE,FALSE,Premium required.,Premium required.,FALSE,FALSE,0,N/A,N/A,N/A,N/A,N/A,194.223.187.105
93.30.169.163,FALSE,2022-03-23T14:47:04-04:00,FALSE,SFR,SFR,15557,163.169.30.93.rev.sfr.net,FR,Strasbourg,Grand Est,48.59999847,7.78999996,1,FALSE,FALSE,FALSE,FALSE,Premium required.,Premium required.,FALSE,FALSE,0,N/A,N/A,N/A,N/A,N/A,93.30.169.163
60.225.242.145,FALSE,2022-03-23T14:47:05-04:00,FALSE,Telstra Internet,Telstra Internet,1221,cpe-60-225-242-145.sb01.wa.asp.telstra.net,AU,Adelaide,South Australia,-34.93000031,138.6000061,1,FALSE,FALSE,FALSE,FALSE,Premium required.,Premium required.,FALSE,FALSE,0,N/A,N/A,N/A,N/A,N/A,60.225.242.145
144.136.220.237,FALSE,2022-03-23T14:47:06-04:00,FALSE,Telstra Internet,Telstra Internet,1221,144.136.220.237,AU,Kew East,Victoria,-37.79999924,145.02999878,1,FALSE,FALSE,FALSE,FALSE,Premium required.,Premium required.,FALSE,FALSE,0,N/A,N/A,N/A,N/A,N/A,144.136.220.237
167.62.217.192,FALSE,2022-03-23T14:47:07-04:00,FALSE,Antel Uruguay,Antel Uruguay,6057,r167-62-217-192.dialup.adsl.anteldata.net.uy,UY,Montevideo,Departamento de Montevideo,-34.86000061,-56.16999817,1,FALSE,FALSE,FALSE,FALSE,Premium required.,Premium required.,FALSE,FALSE,0,N/A,N/A,N/A,N/A,N/A,167.62.217.192
114.134.4.88,FALSE,2022-03-23T14:47:07-04:00,TRUE,Lightwire Limited,Lightwire Limited,45267,remote.coombesjohnstonbmw.co.nz,NZ,Hamilton,Waikato,-37.77999878,175.27999878,1,FALSE,TRUE,FALSE,FALSE,Premium required.,Premium required.,FALSE,FALSE,75,N/A,N/A,N/A,N/A,N/A,114.134.4.88
114.129.182.76,FALSE,2022-03-23T14:47:09-04:00,FALSE,SkyMesh,SkyMesh,7477,114.129.182.76,AU,Eden Creek,New South Wales,-38.16999817,145.13999939,1,FALSE,FALSE,FALSE,FALSE,Premium required.,Premium required.,FALSE,FALSE,0,N/A,N/A,N/A,N/A,N/A,114.129.182.76
58.7.213.137,FALSE,2022-03-23T14:47:10-04:00,FALSE,iiNet Limited,iiNet Limited,7545,58-7-213-137.dyn.iinet.net.au,AU,Perth,Western Australia,-31.95000076,115.86000061,1,FALSE,FALSE,FALSE,FALSE,Premium required.,Premium required.,FALSE,FALSE,0,N/A,N/A,N/A,N/A,N/A,58.7.213.137
106.71.112.74,FALSE,2022-03-23T14:47:10-04:00,FALSE,Optus,Optus,4804,n106-71-112-74.rdl2.qld.optusnet.com.au,AU,Bundaberg,Queensland,-24.87000084,152.3500061,1,FALSE,FALSE,FALSE,FALSE,Premium required.,Premium required.,FALSE,FALSE,0,N/A,N/A,N/A,N/A,N/A,106.71.112.74
193.83.57.92,FALSE,2022-03-23T14:47:11-04:00,FALSE,A1 Telekom Austria,A1 Telekom Austria,1901,193-83-57-92.adsl.highway.telekom.at,AT,Radfeld,Tyrol,47.45000076,11.92000008,1,FALSE,FALSE,FALSE,FALSE,Premium required.,Premium required.,FALSE,FALSE,0,N/A,N/A,N/A,N/A,N/A,193.83.57.92
122.199.60.98,FALSE,2022-03-23T14:47:11-04:00,FALSE,Superloop,Superloop,38195,122.199.60.98,AU,Melbourne,Victoria,-37.81000137,144.96000671,1,FALSE,FALSE,FALSE,FALSE,Premium required.,Premium required.,FALSE,FALSE,0,N/A,N/A,N/A,N/A,N/A,122.199.60.98
90.146.173.244,FALSE,2022-03-23T14:47:12-04:00,FALSE,LIWEST Kabelmedien GmbH,LIWEST Kabelmedien GmbH,12605,cpe90-146-173-244.liwest.at,AT,Linz,Upper Austria,48.29999924,14.30000019,1,FALSE,FALSE,FALSE,FALSE,Premium required.,Premium required.,FALSE,FALSE,0,N/A,N/A,N/A,N/A,N/A,90.146.173.244
60.227.103.79,FALSE,2022-03-23T14:47:13-04:00,FALSE,Telstra Internet,Telstra Internet,1221,cpe-60-227-103-79.nb01.nsw.asp.telstra.net,AU,Sydney,New South Wales,-33.86000061,151.21000671,1,FALSE,FALSE,FALSE,FALSE,Premium required.,Premium required.,FALSE,FALSE,0,N/A,N/A,N/A,N/A,N/A,60.227.103.79
110.175.165.167,FALSE,2022-03-23T14:47:14-04:00,FALSE,TPG Internet,TPG Internet,7545,110-175-165-167.tpgi.com.au,AU,Toorak,Victoria,-37.84999847,145.02000427,1,FALSE,FALSE,FALSE,FALSE,Premium required.,Premium required.,FALSE,FALSE,0,N/A,N/A,N/A,N/A,N/A,110.175.165.167
58.172.217.103,FALSE,2022-03-23T14:47:15-04:00,FALSE,Telstra Internet,Telstra Internet,1221,cpe-58-172-217-103.tb02.tas.asp.telstra.net,AU,Launceston,Tasmania,-41.43999863,147.13000488,1,FALSE,FALSE,FALSE,FALSE,Premium required.,Premium required.,FALSE,FALSE,0,N/A,N/A,N/A,N/A,N/A,58.172.217.103
203.27.181.246,FALSE,2022-03-23T14:47:16-04:00,FALSE,Telstra Internet,Telstra Internet,1221,dat3898308.lnk.telstra.net,AU,Melbourne,Victoria,-37.81000137,144.96000671,1,FALSE,FALSE,FALSE,FALSE,Premium required.,Premium required.,FALSE,FALSE,0,N/A,N/A,N/A,N/A,N/A,203.27.181.246
59.167.155.156,FALSE,2022-03-23T14:47:16-04:00,FALSE,iiNet Limited,iiNet Limited,4739,ppp59-167-155-156.static.internode.on.net,AU,Brisbane,Queensland,-27.46999931,153.02000427,1,FALSE,FALSE,FALSE,FALSE,Premium required.,Premium required.,FALSE,FALSE,0,N/A,N/A,N/A,N/A,N/A,59.167.155.156
138.130.147.154,FALSE,2022-03-23T14:47:17-04:00,FALSE,Telstra Internet,Telstra Internet,1221,cpe-138-130-147-154.qb50.nqld.asp.telstra.net,AU,Townsville,Queensland,-19.27000046,146.80999756,1,FALSE,FALSE,FALSE,FALSE,Premium required.,Premium required.,FALSE,FALSE,0,N/A,N/A,N/A,N/A,N/A,138.130.147.154
121.217.197.252,FALSE,2022-03-23T14:47:18-04:00,FALSE,Telstra Internet,Telstra Internet,1221,cpe-121-217-197-252.bpbn-r-033.cht.nsw.bigpond.net.au,AU,Sydney,New South Wales,-33.86000061,151.21000671,1,FALSE,FALSE,FALSE,FALSE,Premium required.,Premium required.,FALSE,FALSE,0,N/A,N/A,N/A,N/A,N/A,121.217.197.252
121.218.170.89,FALSE,2022-03-23T14:47:19-04:00,FALSE,Telstra Internet,Telstra Internet,1221,cpe-121-218-170-89.bpbn-r-034.cht.nsw.bigpond.net.au,AU,Sydney,New South Wales,-33.86000061,151.21000671,1,FALSE,FALSE,FALSE,FALSE,Premium required.,Premium required.,FALSE,FALSE,0,N/A,N/A,N/A,N/A,N/A,121.218.170.89
92.170.224.209,FALSE,2022-03-23T14:47:20-04:00,FALSE,Orange,Orange,3215,lfbn-idf3-1-1293-209.w92-170.abo.wanadoo.fr,FR,Paris,le-de-France,48.86999893,2.32999992,1,FALSE,FALSE,FALSE,FALSE,Premium required.,Premium required.,FALSE,FALSE,0,N/A,N/A,N/A,N/A,N/A,92.170.224.209
118.209.96.251,FALSE,2022-03-23T14:47:21-04:00,FALSE,TPG Internet,TPG Internet,7545,ppp118-209-96-251.hba-tec-tas-bras31.tpg.internode.on.net,AU,Launceston,Tasmania,-41.43999863,147.13000488,1,FALSE,FALSE,FALSE,FALSE,Premium required.,Premium required.,FALSE,FALSE,0,N/A,N/A,N/A,N/A,N/A,118.209.96.251
118.209.9.44,FALSE,2022-03-23T14:47:21-04:00,FALSE,TPG Internet,TPG Internet,7545,118.209.9.44,AU,Buderim,Queensland,-26.68000031,153.05999756,1,FALSE,FALSE,FALSE,FALSE,Premium required.,Premium required.,FALSE,FALSE,0,N/A,N/A,N/A,N/A,N/A,118.209.9.44
101.164.134.92,FALSE,2022-03-23T14:47:22-04:00,FALSE,Telstra Internet,Telstra Internet,1221,cpe-101-164-134-92.hhui-cr-009.cht.nsw.bigpond.net.au,AU,Sydney,New South Wales,-33.86000061,151.21000671,1,FALSE,FALSE,FALSE,FALSE,Premium required.,Premium required.,FALSE,FALSE,0,N/A,N/A,N/A,N/A,N/A,101.164.134.92
58.174.102.229,FALSE,2022-03-23T14:47:03-04:00,FALSE,Telstra Internet,Telstra Internet,1221,cpe-58-174-102-229.sb03.sa.asp.telstra.net,AU,Adelaide,South Australia,-34.93000031,138.6000061,1,FALSE,FALSE,FALSE,FALSE,Premium required.,Premium required.,FALSE,FALSE,0,N/A,N/A,N/A,N/A,N/A,58.174.102.229
186.52.59.28,FALSE,2022-03-23T14:47:04-04:00,FALSE,Antel Uruguay,Antel Uruguay,6057,r186-52-59-28.dialup.adsl.anteldata.net.uy,UY,Montevideo,Departamento de Montevideo,-34.86000061,-56.16999817,1,FALSE,FALSE,FALSE,FALSE,Premium required.,Premium required.,FALSE,FALSE,0,N/A,N/A,N/A,N/A,N/A,186.52.59.28
111.220.124.140,FALSE,2022-03-23T14:47:05-04:00,TRUE,Vocus Communications,Vocus Communications,9443,140.124.220.111.sta.wbroadband.net.au,AU,Hobart,Tasmania,-42.88000107,147.33000183,1,FALSE,TRUE,FALSE,FALSE,Premium required.,Premium required.,FALSE,FALSE,75,N/A,N/A,N/A,N/A,N/A,111.220.124.140
58.174.158.127,FALSE,2022-03-23T14:47:06-04:00,FALSE,Telstra Internet,Telstra Internet,1221,cpe-58-174-158-127.sb03.sa.asp.telstra.net,AU,Adelaide,South Australia,-34.93000031,138.6000061,1,FALSE,FALSE,FALSE,FALSE,Premium required.,Premium required.,FALSE,FALSE,0,N/A,N/A,N/A,N/A,N/A,58.174.158.127
103.69.235.133,FALSE,2022-03-23T14:47:07-04:00,TRUE,Voyager Internet,Voyager Internet,56030,103.69.235.133,NZ,Auckland,Auckland,-36.86999893,174.77000427,1,FALSE,TRUE,FALSE,FALSE,Premium required.,Premium required.,FALSE,FALSE,78,N/A,N/A,N/A,N/A,N/A,103.69.235.133
110.174.29.221,FALSE,2022-03-23T14:47:08-04:00,TRUE,TPG Internet,TPG Internet,7545,110-174-29-221.static.tpgi.com.au,AU,Melbourne,Victoria,-37.81000137,144.96000671,1,FALSE,FALSE,FALSE,FALSE,Premium required.,Premium required.,FALSE,FALSE,73,N/A,N/A,N/A,N/A,N/A,110.174.29.221
118.149.64.31,FALSE,2022-03-23T14:47:10-04:00,FALSE,2degrees Mobile,2degrees,23655,31-64-149-118.nzcomms.co.nz,NZ,Whangarei,Northland,-35.72000122,174.33000183,1,FALSE,FALSE,FALSE,FALSE,Premium required.,Premium required.,FALSE,FALSE,0,N/A,N/A,N/A,N/A,N/A,118.149.64.31
115.188.186.191,FALSE,2022-03-23T14:47:12-04:00,TRUE,Spark New Zealand,Spark New Zealand,4771,115-188-186-191-adsl.sparkbb.co.nz,NZ,Hamilton,Waikato,-37.77999878,175.27999878,1,FALSE,FALSE,FALSE,FALSE,Premium required.,Premium required.,FALSE,FALSE,70,N/A,N/A,N/A,N/A,N/A,115.188.186.191
80.110.126.11,FALSE,2022-03-23T14:47:13-04:00,FALSE,Magenta Telekom,Magenta Telekom,8412,80-110-126-11.cgn.dynamic.surfer.at,AT,Vienna,Vienna,48.20000076,16.37000084,1,FALSE,FALSE,FALSE,FALSE,Premium required.,Premium required.,FALSE,FALSE,0,N/A,N/A,N/A,N/A,N/A,80.110.126.11
1.40.6.216,FALSE,2022-03-23T14:47:14-04:00,FALSE,Optus,Optus,4804,n1-40-6-216.bla1.nsw.optusnet.com.au,AU,Sydney,New South Wales,-33.86000061,151.21000671,1,FALSE,FALSE,FALSE,FALSE,Premium required.,Premium required.,FALSE,FALSE,0,N/A,N/A,N/A,N/A,N/A,1.40.6.216
116.26.205.33,FALSE,2022-03-23T14:47:15-04:00,FALSE,China Telecom,China Telecom,4134,116.26.205.33,CN,Lecheng,Guangdong,25.11000061,113.34999847,1,FALSE,FALSE,FALSE,FALSE,Premium required.,Premium required.,FALSE,FALSE,0,N/A,N/A,N/A,N/A,N/A,116.26.205.33
49.197.255.42,FALSE,2022-03-23T14:47:16-04:00,FALSE,Optus,Optus,4804,pa49-197-255-42.pa.qld.optusnet.com.au,AU,Brisbane,Queensland,-27.46999931,153.02000427,1,FALSE,FALSE,FALSE,FALSE,Premium required.,Premium required.,FALSE,FALSE,0,N/A,N/A,N/A,N/A,N/A,49.197.255.42
202.86.119.247,FALSE,2022-03-23T14:47:17-04:00,FALSE,Superloop,Superloop,38195,202.86.119.247,AU,Adelaide,South Australia,-34.93000031,138.6000061,1,FALSE,FALSE,FALSE,FALSE,Premium required.,Premium required.,FALSE,FALSE,20,N/A,N/A,N/A,N/A,N/A,202.86.119.247
122.60.103.213,FALSE,2022-03-23T14:47:18-04:00,FALSE,Spark New Zealand,Spark New Zealand,4771,122-60-103-213-adsl.sparkbb.co.nz,NZ,Auckland,Auckland,-36.86999893,174.77000427,1,FALSE,FALSE,FALSE,FALSE,Premium required.,Premium required.,FALSE,FALSE,0,N/A,N/A,N/A,N/A,N/A,122.60.103.213
203.173.7.98,FALSE,2022-03-23T14:47:19-04:00,FALSE,iiNet Limited,iiNet Limited,7545,203-173-7-98.dyn.iinet.net.au,AU,Canberra,Australian Capital Territory,-35.27999878,149.13000488,1,FALSE,FALSE,FALSE,FALSE,Premium required.,Premium required.,FALSE,FALSE,0,N/A,N/A,N/A,N/A,N/A,203.173.7.98
167.60.12.253,FALSE,2022-03-23T14:47:20-04:00,FALSE,Antel Uruguay,Antel Uruguay,6057,r167-60-12-253.dialup.adsl.anteldata.net.uy,UY,Montevideo,Departamento de Montevideo,-34.86000061,-56.16999817,1,FALSE,FALSE,FALSE,FALSE,Premium required.,Premium required.,FALSE,FALSE,0,N/A,N/A,N/A,N/A,N/A,167.60.12.253
220.253.68.85,FALSE,2022-03-23T14:47:21-04:00,FALSE,TPG Internet,TPG Internet,7545,220-253-68-85.tpgi.com.au,AU,Adelaide,South Australia,-34.93000031,138.6000061,1,FALSE,FALSE,FALSE,FALSE,Premium required.,Premium required.,FALSE,FALSE,0,N/A,N/A,N/A,N/A,N/A,220.253.68.85
222.152.14.61,FALSE,2022-03-23T14:47:22-04:00,FALSE,Spark New Zealand,Spark New Zealand,4771,222-152-14-61-fibre.sparkbb.co.nz,NZ,New Plymouth,Taranaki,-39.06999969,174.08000183,1,FALSE,FALSE,FALSE,FALSE,Premium required.,Premium required.,FALSE,FALSE,0,N/A,N/A,N/A,N/A,N/A,222.152.14.61
110.144.24.147,FALSE,2022-03-23T14:47:23-04:00,FALSE,Telstra Internet,Telstra Internet,1221,110.144.24.147,AU,Melbourne,Victoria,-37.81000137,144.96000671,1,FALSE,FALSE,FALSE,FALSE,Premium required.,Premium required.,FALSE,FALSE,0,N/A,N/A,N/A,N/A,N/A,110.144.24.147
122.109.197.65,FALSE,2022-03-23T14:47:24-04:00,FALSE,Optus,Optus,4804,n122-109-197-65.rdl2.qld.optusnet.com.au,AU,Gold Coast,Queensland,-28,153.42999268,1,FALSE,FALSE,FALSE,FALSE,Premium required.,Premium required.,FALSE,FALSE,0,N/A,N/A,N/A,N/A,N/A,122.109.197.65
220.235.182.52,FALSE,2022-03-23T14:47:25-04:00,FALSE,iiNet Limited,iiNet Limited,7545,220-235-182-52.dyn.iinet.net.au,AU,Wollongong,New South Wales,-34.41999817,150.88999939,1,FALSE,FALSE,FALSE,FALSE,Premium required.,Premium required.,FALSE,FALSE,0,N/A,N/A,N/A,N/A,N/A,220.235.182.52
59.102.15.114,FALSE,2022-03-23T14:47:26-04:00,FALSE,TPG Internet,TPG Internet,7545,59-102-15-114.tpgi.com.au,AU,Melbourne,Victoria,-37.81000137,144.96000671,1,FALSE,FALSE,FALSE,FALSE,Premium required.,Premium required.,FALSE,FALSE,0,N/A,N/A,N/A,N/A,N/A,59.102.15.114
101.162.100.235,FALSE,2022-03-23T14:47:27-04:00,FALSE,Telstra Internet,Telstra Internet,1221,cpe-101-162-100-235.qb51.nqld.asp.telstra.net,AU,Townsville,Queensland,-19.27000046,146.80999756,1,FALSE,FALSE,FALSE,FALSE,Premium required.,Premium required.,FALSE,FALSE,0,N/A,N/A,N/A,N/A,N/A,101.162.100.235
123.209.253.31,FALSE,2022-03-23T14:47:30-04:00,FALSE,Telstra Internet,Telstra Internet,1221,123.209.253.31,AU,Sydney,New South Wales,-33.86000061,151.21000671,1,FALSE,FALSE,FALSE,FALSE,Premium required.,Premium required.,FALSE,FALSE,0,N/A,N/A,N/A,N/A,N/A,123.209.253.31
101.167.15.199,FALSE,2022-03-23T14:47:30-04:00,FALSE,Telstra Internet,Telstra Internet,1221,cpe-101-167-15-199.qb52.nqld.asp.telstra.net,AU,Gordonvale,Queensland,-17.10000038,145.77999878,1,FALSE,FALSE,FALSE,FALSE,Premium required.,Premium required.,FALSE,FALSE,0,N/A,N/A,N/A,N/A,N/A,101.167.15.199
58.174.112.22,FALSE,2022-03-23T14:47:02-04:00,FALSE,Telstra Internet,Telstra Internet,1221,cpe-58-174-112-22.sb03.sa.asp.telstra.net,AU,Adelaide,South Australia,-34.93000031,138.6000061,1,FALSE,FALSE,FALSE,FALSE,Premium required.,Premium required.,FALSE,FALSE,0,N/A,N/A,N/A,N/A,N/A,58.174.112.22
213.231.63.143,FALSE,2022-03-23T14:47:05-04:00,FALSE,Briz,Briz,34661,213.231.63.143.pool.breezein.net,UA,Odessa,Odessa,46.45999908,30.73999977,1,FALSE,FALSE,FALSE,FALSE,Premium required.,Premium required.,FALSE,FALSE,0,N/A,N/A,N/A,N/A,N/A,213.231.63.143
101.166.192.152,FALSE,2022-03-23T14:47:07-04:00,FALSE,Telstra Internet,Telstra Internet,1221,cpe-101-166-192-152.ejui-cr-101.fli.sa.bigpond.net.au,AU,Adelaide,South Australia,-34.93000031,138.6000061,1,FALSE,FALSE,FALSE,FALSE,Premium required.,Premium required.,FALSE,FALSE,0,N/A,N/A,N/A,N/A,N/A,101.166.192.152
115.70.185.60,FALSE,2022-03-23T14:47:07-04:00,TRUE,Exetel,Exetel,10143,60.185.70.115.static.exetel.com.au,AU,Adelaide,South Australia,-34.93000031,138.6000061,1,FALSE,TRUE,FALSE,FALSE,Premium required.,Premium required.,TRUE,TRUE,100,N/A,N/A,N/A,N/A,N/A,115.70.185.60
49.255.78.70,FALSE,2022-03-23T14:47:09-04:00,TRUE,Vocus Connect International Backbone,Vocus Connect International Backbone,4826,static-70.78.255.49.in-addr.VOCUS.net.au,AU,Melbourne,Victoria,-37.81000137,144.96000671,1,FALSE,TRUE,FALSE,FALSE,Premium required.,Premium required.,TRUE,TRUE,100,N/A,N/A,N/A,N/A,N/A,49.255.78.70
1.136.107.89,FALSE,2022-03-23T14:47:09-04:00,FALSE,Telstra Internet,Telstra Internet,1221,1.136.107.89,AU,Melbourne,Victoria,-37.81000137,144.96000671,1,FALSE,FALSE,FALSE,FALSE,Premium required.,Premium required.,FALSE,FALSE,0,N/A,N/A,N/A,N/A,N/A,1.136.107.89
49.199.17.126,FALSE,2022-03-23T14:47:10-04:00,FALSE,Optus,Optus,4804,pa49-199-17-126.pa.vic.optusnet.com.au,AU,Melbourne,Victoria,-37.81000137,144.96000671,1,FALSE,FALSE,FALSE,FALSE,Premium required.,Premium required.,FALSE,FALSE,0,N/A,N/A,N/A,N/A,N/A,49.199.17.126
143.131.224.70,FALSE,2022-03-23T14:47:11-04:00,FALSE,Adamo,Adamo,35699,cli-8f83e046.wholesale.adamo.es,ES,Laredo,Cantabria,43.40999985,-3.42000008,1,FALSE,FALSE,FALSE,FALSE,Premium required.,Premium required.,FALSE,FALSE,0,N/A,N/A,N/A,N/A,N/A,143.131.224.70
1.124.105.27,FALSE,2022-03-23T14:47:13-04:00,FALSE,Telstra Internet,Telstra Internet,1221,1.124.105.27,AU,Katherine,Northern Territory,-14.47000027,132.25999451,1,FALSE,FALSE,FALSE,FALSE,Premium required.,Premium required.,FALSE,FALSE,22,N/A,N/A,N/A,N/A,N/A,1.124.105.27
101.167.14.239,FALSE,2022-03-23T14:47:14-04:00,FALSE,Telstra Internet,Telstra Internet,1221,cpe-101-167-14-239.qb52.nqld.asp.telstra.net,AU,Townsville,Queensland,-19.27000046,146.80999756,1,FALSE,FALSE,FALSE,FALSE,Premium required.,Premium required.,FALSE,FALSE,0,N/A,N/A,N/A,N/A,N/A,101.167.14.239
81.217.127.166,FALSE,2022-03-23T14:47:15-04:00,FALSE,kabelplus,kabelplus,8339,h081217127166.dyn.cm.kabsi.at,AT,Sankt Plten,Lower Austria,46.61999893,14.31000042,1,FALSE,FALSE,FALSE,FALSE,Premium required.,Premium required.,FALSE,FALSE,0,N/A,N/A,N/A,N/A,N/A,81.217.127.166
122.105.15.78,FALSE,2022-03-23T14:47:17-04:00,FALSE,Optus,Optus,4804,n122-105-15-78.sun1.vic.optusnet.com.au,AU,Melbourne,Victoria,-37.81000137,144.96000671,1,FALSE,FALSE,FALSE,FALSE,Premium required.,Premium required.,FALSE,FALSE,0,N/A,N/A,N/A,N/A,N/A,122.105.15.78
46.193.4.12,FALSE,2022-03-23T14:47:18-04:00,TRUE,Wifirst,Wifirst,52075,eth-west-pareq2-46-193-4-12.wb.wifirst.net,FR,Dijon,Bourgogne-Franche-Comte,47.31999969,5.01999998,1,FALSE,FALSE,FALSE,FALSE,Premium required.,Premium required.,FALSE,FALSE,73,N/A,N/A,N/A,N/A,N/A,46.193.4.12
116.251.22.245,FALSE,2022-03-23T14:47:19-04:00,FALSE,Activ8me,Activ8me,24033,116-251-22-245.pool.activ8me.net.au,AU,Kowanyama,Queensland,-15.47000027,141.75,1,FALSE,FALSE,FALSE,FALSE,Premium required.,Premium required.,FALSE,FALSE,0,N/A,N/A,N/A,N/A,N/A,116.251.22.245
1.128.109.100,FALSE,2022-03-23T14:47:19-04:00,FALSE,Telstra Internet,Telstra Internet,1221,1.128.109.100,AU,Golden Beach,Queensland,-38.20999908,147.3999939,1,FALSE,FALSE,FALSE,FALSE,Premium required.,Premium required.,FALSE,FALSE,0,N/A,N/A,N/A,N/A,N/A,1.128.109.100
114.198.48.14,FALSE,2022-03-23T14:47:21-04:00,FALSE,iiNet Limited,iiNet Limited,7545,114-198-48-14.dyn.iinet.net.au,AU,Brisbane,Queensland,-27.46999931,153.02000427,1,FALSE,FALSE,FALSE,FALSE,Premium required.,Premium required.,FALSE,FALSE,0,N/A,N/A,N/A,N/A,N/A,114.198.48.14
90.8.12.43,FALSE,2022-03-23T14:47:23-04:00,FALSE,Orange,Orange,3215,amarseille-655-1-683-43.w90-8.abo.wanadoo.fr,FR,Porto-Vecchio,Corsica,41.59000015,9.27999973,1,FALSE,FALSE,FALSE,FALSE,Premium required.,Premium required.,FALSE,FALSE,0,N/A,N/A,N/A,N/A,N/A,90.8.12.43
27.33.173.177,FALSE,2022-03-23T14:47:25-04:00,FALSE,TPG Internet,TPG Internet,7545,27-33-173-177.tpgi.com.au,AU,Sydney,New South Wales,-33.86000061,151.21000671,1,FALSE,FALSE,FALSE,FALSE,Premium required.,Premium required.,FALSE,FALSE,0,N/A,N/A,N/A,N/A,N/A,27.33.173.177
218.215.94.110,FALSE,2022-03-23T14:47:26-04:00,FALSE,iPrimus,iPrimus,9443,110.94.215.218.dyn.iprimus.net.au,AU,Perth,Western Australia,-31.95000076,115.86000061,1,FALSE,FALSE,FALSE,FALSE,Premium required.,Premium required.,FALSE,FALSE,0,N/A,N/A,N/A,N/A,N/A,218.215.94.110
122.109.148.164,FALSE,2022-03-23T14:47:27-04:00,FALSE,Optus,Optus,4804,n122-109-148-164.rdl2.qld.optusnet.com.au,AU,Brisbane,Queensland,-27.46999931,153.02000427,1,FALSE,FALSE,FALSE,FALSE,Premium required.,Premium required.,FALSE,FALSE,0,N/A,N/A,N/A,N/A,N/A,122.109.148.164
143.238.174.4,FALSE,2022-03-23T14:47:29-04:00,FALSE,Telstra Internet,Telstra Internet,1221,cpe-143-238-174-4.nb07.nsw.asp.telstra.net,AU,Sydney,New South Wales,-33.86000061,151.21000671,1,FALSE,FALSE,FALSE,FALSE,Premium required.,Premium required.,FALSE,FALSE,0,N/A,N/A,N/A,N/A,N/A,143.238.174.4
101.116.16.59,FALSE,2022-03-23T14:47:30-04:00,FALSE,Vodafone Australia,Vodafone Australia,133612,101.116.16.59,AU,Glen Waverley,Victoria,-37.88000107,145.16999817,1,FALSE,FALSE,FALSE,FALSE,Premium required.,Premium required.,FALSE,FALSE,0,N/A,N/A,N/A,N/A,N/A,101.116.16.59
60.226.195.112,FALSE,2022-03-23T14:47:30-04:00,FALSE,Telstra Internet,Telstra Internet,1221,cpe-60-226-195-112.qb07.qld.asp.telstra.net,AU,Brisbane,Queensland,-27.46999931,153.02000427,1,FALSE,FALSE,FALSE,FALSE,Premium required.,Premium required.,FALSE,FALSE,0,N/A,N/A,N/A,N/A,N/A,60.226.195.112
175.32.96.182,FALSE,2022-03-23T14:47:31-04:00,FALSE,Optus,Optus,4804,n175-32-96-182.meb1.vic.optusnet.com.au,AU,Brighton,Victoria,-37.91999817,145,1,FALSE,FALSE,FALSE,FALSE,Premium required.,Premium required.,FALSE,FALSE,0,N/A,N/A,N/A,N/A,N/A,175.32.96.182
122.148.21.172,FALSE,2022-03-23T14:47:32-04:00,FALSE,Dodo,Dodo,38285,122-148-21-172.sta.dodo.net.au,AU,Oyster Bay,New South Wales,-34,151.07000732,1,FALSE,FALSE,FALSE,FALSE,Premium required.,Premium required.,FALSE,FALSE,0,N/A,N/A,N/A,N/A,N/A,122.148.21.172
118.148.109.144,FALSE,2022-03-23T14:53:03-04:00,FALSE,2degrees Mobile,2degrees,23655,144-109-148-118.nzcomms.co.nz,NZ,Auckland,Auckland,-36.86999893,174.77000427,1,FALSE,FALSE,FALSE,FALSE,Premium required.,Premium required.,FALSE,FALSE,0,N/A,N/A,N/A,N/A,N/A,118.148.109.144
122.200.173.194,FALSE,2022-03-23T14:53:03-04:00,TRUE,Cynergic Internet,Cynergic Internet,10083,vpn.skillhire.com.au,AU,Hawthorn,Victoria,-37.83000183,145.02999878,1,FALSE,TRUE,FALSE,TRUE,Premium required.,Premium required.,FALSE,FALSE,75,N/A,N/A,N/A,N/A,N/A,122.200.173.194
220.235.10.17,FALSE,2022-03-23T14:53:05-04:00,FALSE,iiNet Limited,iiNet Limited,7545,220-235-10-17.dyn.iinet.net.au,AU,Sydney,New South Wales,-33.86000061,151.21000671,1,FALSE,FALSE,FALSE,FALSE,Premium required.,Premium required.,FALSE,FALSE,0,N/A,N/A,N/A,N/A,N/A,220.235.10.17
124.171.197.5,FALSE,2022-03-23T14:53:06-04:00,FALSE,iiNet Limited,iiNet Limited,7545,124-171-197-5.dyn.iinet.net.au,AU,Canberra,Australian Capital Territory,-35.27999878,149.13000488,1,FALSE,FALSE,FALSE,FALSE,Premium required.,Premium required.,FALSE,FALSE,0,N/A,N/A,N/A,N/A,N/A,124.171.197.5
114.249.133.59,FALSE,2022-03-23T14:53:07-04:00,FALSE,China Unicom,China Unicom,4808,114.249.133.59,CN,Beishicao,Beijing,40.24000168,116.51999664,1,FALSE,FALSE,FALSE,FALSE,Premium required.,Premium required.,FALSE,FALSE,0,N/A,N/A,N/A,N/A,N/A,114.249.133.59
14.202.89.96,FALSE,2022-03-23T14:53:08-04:00,FALSE,TPG Internet,TPG Internet,7545,14-202-89-96.static.tpgi.com.au,AU,Brisbane,Queensland,-27.46999931,153.02000427,1,FALSE,FALSE,FALSE,FALSE,Premium required.,Premium required.,FALSE,FALSE,0,N/A,N/A,N/A,N/A,N/A,14.202.89.96
203.7.1.145,FALSE,2022-03-23T14:53:09-04:00,FALSE,iiNet Limited,iiNet Limited,18371,203-7-1-145.dyn.iinet.net.au,AU,Ballarat,Victoria,-37.56000137,143.86000061,1,FALSE,FALSE,FALSE,FALSE,Premium required.,Premium required.,FALSE,FALSE,0,N/A,N/A,N/A,N/A,N/A,203.7.1.145
101.176.156.39,FALSE,2022-03-23T14:53:09-04:00,FALSE,Telstra Internet,Telstra Internet,1221,cpe-101-176-156-39.nb12.nsw.asp.telstra.net,AU,Sydney,New South Wales,-33.86000061,151.21000671,1,FALSE,FALSE,FALSE,FALSE,Premium required.,Premium required.,FALSE,FALSE,0,N/A,N/A,N/A,N/A,N/A,101.176.156.39
120.151.36.172,FALSE,2022-03-23T14:53:09-04:00,TRUE,Telstra Internet,Telstra Internet,1221,morela8.lnk.telstra.net,AU,Melbourne,Victoria,-37.81000137,144.96000671,1,FALSE,TRUE,FALSE,FALSE,Premium required.,Premium required.,FALSE,FALSE,75,N/A,N/A,N/A,N/A,N/A,120.151.36.172
1.43.196.4,FALSE,2022-03-23T14:53:10-04:00,FALSE,Optus,Optus,4804,n1-43-196-4.mas2.nsw.optusnet.com.au,AU,Miranda,New South Wales,-34.02999878,151.1000061,1,FALSE,FALSE,FALSE,FALSE,Premium required.,Premium required.,FALSE,FALSE,0,N/A,N/A,N/A,N/A,N/A,1.43.196.4
58.163.128.147,FALSE,2022-03-23T14:53:11-04:00,FALSE,Telstra Internet,Telstra Internet,1221,58.163.128.147,AU,Sydney,New South Wales,-33.86000061,151.21000671,1,FALSE,FALSE,FALSE,FALSE,Premium required.,Premium required.,FALSE,FALSE,0,N/A,N/A,N/A,N/A,N/A,58.163.128.147
103.208.155.62,FALSE,2022-03-23T14:53:12-04:00,FALSE,Advatel Wireless,Advatel Wireless,133730,103.208.155.62,AU,Newrybar,New South Wales,-28.71999931,153.52999878,1,FALSE,FALSE,FALSE,FALSE,Premium required.,Premium required.,FALSE,FALSE,0,N/A,N/A,N/A,N/A,N/A,103.208.155.62
58.179.160.241,FALSE,2022-03-23T14:53:13-04:00,FALSE,Dodo,Dodo,9443,58-179-160-241.sta.dodo.net.au,AU,Melbourne,Victoria,-37.81000137,144.96000671,1,FALSE,FALSE,FALSE,FALSE,Premium required.,Premium required.,FALSE,FALSE,0,N/A,N/A,N/A,N/A,N/A,58.179.160.241
180.150.39.172,FALSE,2022-03-23T14:53:14-04:00,FALSE,Aussie Broadband,Aussie Broadband,4764,180-150-39-172.b49627.bne.nbn.aussiebb.net,AU,Melbourne,Victoria,-37.81000137,144.96000671,1,FALSE,FALSE,FALSE,FALSE,Premium required.,Premium required.,FALSE,FALSE,0,N/A,N/A,N/A,N/A,N/A,180.150.39.172
14.202.29.194,FALSE,2022-03-23T14:53:15-04:00,FALSE,TPG Internet,TPG Internet,7545,14-202-29-194.static.tpgi.com.au,AU,Adelaide,South Australia,-34.93000031,138.6000061,1,FALSE,FALSE,FALSE,FALSE,Premium required.,Premium required.,FALSE,FALSE,0,N/A,N/A,N/A,N/A,N/A,14.202.29.194
172.195.63.10,FALSE,2022-03-23T14:53:16-04:00,FALSE,Foxtel,Foxtel,133414,cpe-172-195-63-10.act.foxtel.net.au,AU,Sydney,New South Wales,-33.86000061,151.21000671,1,FALSE,FALSE,FALSE,FALSE,Premium required.,Premium required.,FALSE,FALSE,0,N/A,N/A,N/A,N/A,N/A,172.195.63.10
120.154.161.153,FALSE,2022-03-23T14:53:17-04:00,FALSE,Telstra Internet,Telstra Internet,1221,cpe-120-154-161-153.qb02.qld.asp.telstra.net,AU,Brisbane,Queensland,-27.46999931,153.02000427,1,FALSE,FALSE,FALSE,FALSE,Premium required.,Premium required.,FALSE,FALSE,0,N/A,N/A,N/A,N/A,N/A,120.154.161.153
119.18.1.223,FALSE,2022-03-23T14:53:17-04:00,TRUE,Aussie Broadband,Aussie Broadband,4764,119-18-1-223.771201.syd.nbn.aussiebb.net,AU,Sydney,New South Wales,-33.86000061,151.21000671,1,FALSE,FALSE,FALSE,FALSE,Premium required.,Premium required.,TRUE,TRUE,100,N/A,N/A,N/A,N/A,N/A,119.18.1.223
121.75.195.118,FALSE,2022-03-23T14:53:18-04:00,FALSE,Vodafone New Zealand,Vodafone New Zealand,9500,121-75-195-118.dyn.vf.net.nz,NZ,Hastings,Hawke's Bay,-39.65000153,176.83000183,1,FALSE,FALSE,FALSE,FALSE,Premium required.,Premium required.,FALSE,FALSE,0,N/A,N/A,N/A,N/A,N/A,121.75.195.118
129.126.221.74,FALSE,2022-03-23T14:53:19-04:00,FALSE,M1,M1,17547,74.221.126.129.static.m1net.com.sg,SG,Singapore,Singapore,1.28999996,103.86000061,1,FALSE,FALSE,FALSE,FALSE,Premium required.,Premium required.,FALSE,FALSE,0,N/A,N/A,N/A,N/A,N/A,129.126.221.74
49.198.11.213,FALSE,2022-03-23T14:53:20-04:00,FALSE,Optus,Optus,4804,n49-198-11-213.meb3.vic.optusnet.com.au,AU,Seaford,Victoria,-38.09999847,145.13000488,1,FALSE,FALSE,FALSE,FALSE,Premium required.,Premium required.,FALSE,FALSE,0,N/A,N/A,N/A,N/A,N/A,49.198.11.213
49.185.16.237,FALSE,2022-03-23T14:53:21-04:00,FALSE,Optus,Optus,4804,pa49-185-16-237.pa.vic.optusnet.com.au,AU,Melbourne,Victoria,-37.81000137,144.96000671,1,FALSE,FALSE,FALSE,FALSE,Premium required.,Premium required.,FALSE,FALSE,0,N/A,N/A,N/A,N/A,N/A,49.185.16.237
58.166.211.54,FALSE,2022-03-23T14:53:22-04:00,FALSE,Telstra Internet,Telstra Internet,1221,cpe-58-166-211-54.nb06.nsw.asp.telstra.net,AU,Burwood,New South Wales,-33.88000107,151.1000061,1,FALSE,FALSE,FALSE,FALSE,Premium required.,Premium required.,FALSE,FALSE,0,N/A,N/A,N/A,N/A,N/A,58.166.211.54
14.2.118.60,FALSE,2022-03-23T14:53:22-04:00,FALSE,TPG Internet,TPG Internet,7545,ppp14-2-118-60.adl-apt-pir-bras32.tpg.internode.on.net,AU,Adelaide,South Australia,-34.93000031,138.6000061,1,FALSE,FALSE,FALSE,FALSE,Premium required.,Premium required.,FALSE,FALSE,0,N/A,N/A,N/A,N/A,N/A,14.2.118.60
1.132.110.143,FALSE,2022-03-23T14:53:23-04:00,FALSE,Telstra Internet,Telstra Internet,1221,1.132.110.143,AU,Gold Coast,Queensland,-28,153.42999268,1,FALSE,FALSE,FALSE,FALSE,Premium required.,Premium required.,FALSE,FALSE,0,N/A,N/A,N/A,N/A,N/A,1.132.110.143
117.20.68.205,FALSE,2022-03-23T14:53:01-04:00,TRUE,Aussie Broadband,Aussie Broadband,4764,117-20-68-205.751444.bne.nbn.aussiebb.net,AU,Brisbane,Queensland,-27.46999931,153.02000427,1,FALSE,FALSE,FALSE,FALSE,Premium required.,Premium required.,TRUE,TRUE,100,N/A,N/A,N/A,N/A,N/A,117.20.68.205
220.233.16.166,FALSE,2022-03-23T14:53:03-04:00,TRUE,Exetel,Exetel,10143,166.16.233.220.static.exetel.com.au,AU,Wollongong,New South Wales,-34.41999817,150.88999939,1,FALSE,TRUE,FALSE,FALSE,Premium required.,Premium required.,FALSE,FALSE,78,N/A,N/A,N/A,N/A,N/A,220.233.16.166
180.150.37.151,FALSE,2022-03-23T14:53:04-04:00,TRUE,Aussie Broadband,Aussie Broadband,4764,180-150-37-151.b49625.bne.nbn.aussiebb.net,AU,Melbourne,Victoria,-37.81000137,144.96000671,1,FALSE,FALSE,FALSE,FALSE,Premium required.,Premium required.,TRUE,TRUE,100,N/A,N/A,N/A,N/A,N/A,180.150.37.151
114.129.164.36,FALSE,2022-03-23T14:53:06-04:00,FALSE,SkyMesh,SkyMesh,7477,114.129.164.36,AU,Fortitude Valley,Queensland,-27.45999908,153.02999878,1,FALSE,FALSE,FALSE,FALSE,Premium required.,Premium required.,FALSE,FALSE,0,N/A,N/A,N/A,N/A,N/A,114.129.164.36
124.190.55.116,FALSE,2022-03-23T14:53:08-04:00,FALSE,Telstra Internet,Telstra Internet,1221,cpe-124-190-55-116.vb14.vic.asp.telstra.net,AU,Melbourne,Victoria,-37.81000137,144.96000671,1,FALSE,FALSE,FALSE,FALSE,Premium required.,Premium required.,FALSE,FALSE,0,N/A,N/A,N/A,N/A,N/A,124.190.55.116
203.10.44.62,FALSE,2022-03-23T14:53:09-04:00,FALSE,Australian Catholic University Limited,Australian Catholic University Limited,137188,203.10.44.62,AU,Fitzroy,Victoria,-37.77999878,144.97999573,1,FALSE,FALSE,FALSE,FALSE,Premium required.,Premium required.,FALSE,FALSE,30,N/A,N/A,N/A,N/A,N/A,203.10.44.62
144.137.86.219,FALSE,2022-03-23T14:53:10-04:00,FALSE,Telstra Internet,Telstra Internet,1221,cpe-144-137-86-219.qb07.qld.asp.telstra.net,AU,Brisbane,Queensland,-27.46999931,153.02000427,1,FALSE,FALSE,FALSE,FALSE,Premium required.,Premium required.,FALSE,FALSE,0,N/A,N/A,N/A,N/A,N/A,144.137.86.219
61.245.134.89,FALSE,2022-03-23T14:53:12-04:00,FALSE,Aussie Broadband,Aussie Broadband,4764,61-245-134-89.3df586.per.nbn.aussiebb.net,AU,Perth,Western Australia,-31.95000076,115.86000061,1,FALSE,FALSE,FALSE,FALSE,Premium required.,Premium required.,FALSE,FALSE,0,N/A,N/A,N/A,N/A,N/A,61.245.134.89
144.132.213.237,FALSE,2022-03-23T14:53:12-04:00,FALSE,Telstra Internet,Telstra Internet,1221,cpe-144-132-213-237.qb03.qld.asp.telstra.net,AU,Brisbane,Queensland,-27.46999931,153.02000427,1,FALSE,FALSE,FALSE,FALSE,Premium required.,Premium required.,FALSE,FALSE,0,N/A,N/A,N/A,N/A,N/A,144.132.213.237
179.25.39.22,FALSE,2022-03-23T14:53:14-04:00,FALSE,Antel Uruguay,Antel Uruguay,6057,r179-25-39-22.dialup.adsl.anteldata.net.uy,UY,Lagomar,Canelones,-34.84000015,-55.97999954,1,FALSE,FALSE,FALSE,FALSE,Premium required.,Premium required.,FALSE,FALSE,0,N/A,N/A,N/A,N/A,N/A,179.25.39.22
120.144.13.227,FALSE,2022-03-23T14:53:15-04:00,FALSE,Telstra Internet,Telstra Internet,1221,cpe-120-144-13-227.bpw5-r-035.win.vic.bigpond.net.au,AU,Plenty,Victoria,-42.72999954,146.97000122,1,FALSE,FALSE,FALSE,FALSE,Premium required.,Premium required.,FALSE,FALSE,0,N/A,N/A,N/A,N/A,N/A,120.144.13.227
27.252.212.105,FALSE,2022-03-23T14:53:16-04:00,FALSE,Vodafone New Zealand,Vodafone New Zealand,9500,105.212.252.27.dyn.cust.vf.net.nz,NZ,Wellington,Wellington,-41.29999924,174.77999878,1,FALSE,FALSE,FALSE,FALSE,Premium required.,Premium required.,FALSE,FALSE,0,N/A,N/A,N/A,N/A,N/A,27.252.212.105
137.111.13.39,FALSE,2022-03-23T14:53:18-04:00,FALSE,Australian Academic and Research Network,Australian Academic and Research Network,7575,e3a.building.mq.edu.au,AU,Sydney,New South Wales,-33.86000061,151.21000671,1,FALSE,FALSE,FALSE,FALSE,Premium required.,Premium required.,FALSE,FALSE,0,N/A,N/A,N/A,N/A,N/A,137.111.13.39
1.124.108.242,FALSE,2022-03-23T14:53:19-04:00,FALSE,Telstra Internet,Telstra Internet,1221,1.124.108.242,AU,Adelaide,South Australia,-34.93000031,138.6000061,1,FALSE,FALSE,FALSE,FALSE,Premium required.,Premium required.,FALSE,FALSE,0,N/A,N/A,N/A,N/A,N/A,1.124.108.242
123.4.21.61,FALSE,2022-03-23T14:53:20-04:00,FALSE,China Unicom,China Unicom,4837,hn.kd.ny.adsl,CN,Zhengzhou,Henan,34.68000031,113.52999878,1,FALSE,FALSE,FALSE,FALSE,Premium required.,Premium required.,FALSE,FALSE,0,N/A,N/A,N/A,N/A,N/A,123.4.21.61
220.244.127.222,FALSE,2022-03-23T14:53:21-04:00,FALSE,TPG Internet,TPG Internet,7545,220-244-127-222.static.tpgi.com.au,AU,Sydney,New South Wales,-33.86000061,151.21000671,1,FALSE,FALSE,FALSE,FALSE,Premium required.,Premium required.,FALSE,FALSE,0,N/A,N/A,N/A,N/A,N/A,220.244.127.222
125.238.87.250,FALSE,2022-03-23T14:53:23-04:00,FALSE,Spark New Zealand,Spark New Zealand,4771,125-238-87-250-adsl.sparkbb.co.nz,NZ,Napier City,Hawke's Bay,-39.47999954,176.91999817,1,FALSE,FALSE,FALSE,FALSE,Premium required.,Premium required.,FALSE,FALSE,0,N/A,N/A,N/A,N/A,N/A,125.238.87.250
123.255.41.59,FALSE,2022-03-23T14:53:25-04:00,TRUE,2degrees,2degrees,23655,59.41.255.123.static.snap.net.nz,NZ,Auckland,Auckland,-36.86999893,174.77000427,1,FALSE,FALSE,FALSE,FALSE,Premium required.,Premium required.,FALSE,FALSE,70,N/A,N/A,N/A,N/A,N/A,123.255.41.59
80.13.60.37,FALSE,2022-03-23T14:53:26-04:00,TRUE,Orange,Orange,3215,lputeaux-658-1-110-37.w80-13.abo.wanadoo.fr,FR,Puteaux,Ile-de-France,48.88000107,2.24000001,1,FALSE,FALSE,FALSE,FALSE,Premium required.,Premium required.,FALSE,FALSE,70,N/A,N/A,N/A,N/A,N/A,80.13.60.37
110.151.37.185,FALSE,2022-03-23T14:53:27-04:00,FALSE,Telstra Internet,Telstra Internet,1221,cpe-110-151-37-185.qb06.qld.asp.telstra.net,AU,Brisbane,Queensland,-27.46999931,153.02000427,1,FALSE,FALSE,FALSE,FALSE,Premium required.,Premium required.,FALSE,FALSE,0,N/A,N/A,N/A,N/A,N/A,110.151.37.185
180.233.124.134,FALSE,2022-03-23T14:53:28-04:00,FALSE,Occom Pty,Occom Pty,135126,180.233.124.134,AU,Melbourne,Victoria,-37.81000137,144.96000671,1,FALSE,FALSE,FALSE,FALSE,Premium required.,Premium required.,FALSE,FALSE,30,N/A,N/A,N/A,N/A,N/A,180.233.124.134
218.101.73.131,FALSE,2022-03-23T14:53:30-04:00,FALSE,Vodafone New Zealand,Vodafone New Zealand,9500,218-101-73-131.dsl.dyn.ihug.co.nz,NZ,Whangarei,Northland,-35.72000122,174.33000183,1,FALSE,FALSE,FALSE,FALSE,Premium required.,Premium required.,FALSE,FALSE,0,N/A,N/A,N/A,N/A,N/A,218.101.73.131
139.130.51.99,FALSE,2022-03-23T14:53:31-04:00,FALSE,Telstra Internet,Telstra Internet,1221,fra2657684.lnk.telstra.net,AU,Beachmere,Queensland,-27.12999916,153.05000305,1,FALSE,FALSE,FALSE,FALSE,Premium required.,Premium required.,FALSE,FALSE,0,N/A,N/A,N/A,N/A,N/A,139.130.51.99
222.154.15.42,FALSE,2022-03-23T14:53:32-04:00,TRUE,Spark New Zealand,Spark New Zealand,4771,222-154-15-42-fibre.sparkbb.co.nz,NZ,Tauranga,Bay of Plenty,-37.68999863,176.16999817,1,FALSE,FALSE,FALSE,FALSE,Premium required.,Premium required.,FALSE,FALSE,70,N/A,N/A,N/A,N/A,N/A,222.154.15.42
202.36.244.131,FALSE,2022-03-23T14:53:33-04:00,FALSE,The University of Auckland,The University of Auckland,9431,202.36.244.131,NZ,Auckland,Auckland,-36.86999893,174.77000427,1,FALSE,FALSE,FALSE,FALSE,Premium required.,Premium required.,FALSE,FALSE,30,N/A,N/A,N/A,N/A,N/A,202.36.244.131
167.56.231.59,FALSE,2022-03-23T14:53:03-04:00,FALSE,Antel Uruguay,Antel Uruguay,6057,r167-56-231-59.dialup.adsl.anteldata.net.uy,UY,Libertad,Departamento de San Jose,-34.63000107,-56.61999893,1,FALSE,FALSE,FALSE,FALSE,Premium required.,Premium required.,FALSE,FALSE,0,N/A,N/A,N/A,N/A,N/A,167.56.231.59
124.171.97.91,FALSE,2022-03-23T14:53:04-04:00,FALSE,iiNet Limited,iiNet Limited,7545,124-171-97-91.dyn.iinet.net.au,AU,Canberra,Australian Capital Territory,-35.27999878,149.13000488,1,FALSE,FALSE,FALSE,FALSE,Premium required.,Premium required.,FALSE,FALSE,0,N/A,N/A,N/A,N/A,N/A,124.171.97.91
220.244.186.224,FALSE,2022-03-23T14:53:06-04:00,FALSE,TPG Internet,TPG Internet,7545,220-244-186-224.tpgi.com.au,AU,Richmond,Victoria,-37.83000183,145,1,FALSE,FALSE,FALSE,FALSE,Premium required.,Premium required.,FALSE,FALSE,0,N/A,N/A,N/A,N/A,N/A,220.244.186.224
101.179.34.182,FALSE,2022-03-23T14:53:08-04:00,FALSE,Telstra Internet,Telstra Internet,1221,cpe-101-179-34-182.sb04.sa.asp.telstra.net,AU,Gold Coast,Queensland,-28,153.42999268,1,FALSE,FALSE,FALSE,FALSE,Premium required.,Premium required.,FALSE,FALSE,0,N/A,N/A,N/A,N/A,N/A,101.179.34.182
101.175.136.67,FALSE,2022-03-23T14:53:10-04:00,FALSE,Telstra Internet,Telstra Internet,1221,cpe-101-175-136-67.wb04.wa.asp.telstra.net,AU,Perth,Western Australia,-31.95000076,115.86000061,1,FALSE,FALSE,FALSE,FALSE,Premium required.,Premium required.,FALSE,FALSE,0,N/A,N/A,N/A,N/A,N/A,101.175.136.67
144.131.40.247,FALSE,2022-03-23T14:53:11-04:00,FALSE,Telstra Internet,Telstra Internet,1221,cpe-144-131-40-247.vb11.vic.asp.telstra.net,AU,Melbourne,Victoria,-37.81000137,144.96000671,1,FALSE,FALSE,FALSE,FALSE,Premium required.,Premium required.,FALSE,FALSE,0,N/A,N/A,N/A,N/A,N/A,144.131.40.247
203.86.201.220,FALSE,2022-03-23T14:53:13-04:00,FALSE,2degrees,2degrees,23655,203.86.201.220.static.snap.net.nz,NZ,Auckland,Auckland,-36.86999893,174.77000427,1,FALSE,FALSE,FALSE,FALSE,Premium required.,Premium required.,FALSE,FALSE,0,N/A,N/A,N/A,N/A,N/A,203.86.201.220
203.45.91.146,FALSE,2022-03-23T14:53:13-04:00,FALSE,Telstra Internet,Telstra Internet,1221,203.45.91.146,AU,Brisbane,Queensland,-27.46999931,153.02000427,1,FALSE,FALSE,FALSE,FALSE,Premium required.,Premium required.,FALSE,FALSE,0,N/A,N/A,N/A,N/A,N/A,203.45.91.146
115.70.22.147,FALSE,2022-03-23T14:53:13-04:00,TRUE,Exetel,Exetel,10143,147.22.70.115.static.exetel.com.au,AU,Melbourne,Victoria,-37.81000137,144.96000671,1,FALSE,TRUE,FALSE,FALSE,Premium required.,Premium required.,TRUE,TRUE,100,N/A,N/A,N/A,N/A,N/A,115.70.22.147
139.216.116.82,FALSE,2022-03-23T14:53:14-04:00,FALSE,Dodo,Dodo,9443,139-216-116-82.sta.dodo.net.au,AU,Brisbane,Queensland,-27.46999931,153.02000427,1,FALSE,FALSE,FALSE,FALSE,Premium required.,Premium required.,FALSE,FALSE,0,N/A,N/A,N/A,N/A,N/A,139.216.116.82
221.217.162.190,FALSE,2022-03-23T14:53:15-04:00,FALSE,China Unicom,China Unicom,4808,221.217.162.190,CN,Beijing,Beijing,39.93000031,116.38999939,1,FALSE,FALSE,FALSE,FALSE,Premium required.,Premium required.,FALSE,FALSE,0,N/A,N/A,N/A,N/A,N/A,221.217.162.190
122.62.23.173,FALSE,2022-03-23T14:53:16-04:00,FALSE,Spark New Zealand,Spark New Zealand,4771,122-62-23-173-vdsl.sparkbb.co.nz,NZ,Auckland,Auckland,-36.86999893,174.77000427,1,FALSE,FALSE,FALSE,FALSE,Premium required.,Premium required.,FALSE,FALSE,0,N/A,N/A,N/A,N/A,N/A,122.62.23.173
203.206.143.102,FALSE,2022-03-23T14:53:17-04:00,FALSE,iiNet Limited,iiNet Limited,4739,203-206-143-102.perm.iinet.net.au,AU,Brisbane,Queensland,-27.46999931,153.02000427,1,FALSE,FALSE,FALSE,FALSE,Premium required.,Premium required.,FALSE,FALSE,0,N/A,N/A,N/A,N/A,N/A,203.206.143.102
114.72.14.155,FALSE,2022-03-23T14:53:18-04:00,FALSE,Optus,Optus,4804,n114-72-14-155.meb1.vic.optusnet.com.au,AU,Boronia,Victoria,-37.86999893,145.27999878,1,FALSE,FALSE,FALSE,FALSE,Premium required.,Premium required.,FALSE,FALSE,0,N/A,N/A,N/A,N/A,N/A,114.72.14.155
125.63.30.203,FALSE,2022-03-23T14:53:19-04:00,FALSE,Superloop,Superloop,38195,125-63-30-203.ip4.superloop.com,AU,Carlton,Victoria,-42.86999893,147.67999268,1,FALSE,FALSE,FALSE,FALSE,Premium required.,Premium required.,FALSE,FALSE,0,N/A,N/A,N/A,N/A,N/A,125.63.30.203
120.156.95.184,FALSE,2022-03-23T14:53:21-04:00,FALSE,Telstra Internet,Telstra Internet,1221,cpe-120-156-95-184.qb04.qld.asp.telstra.net,AU,Sydney,New South Wales,-33.86000061,151.21000671,1,FALSE,FALSE,FALSE,FALSE,Premium required.,Premium required.,FALSE,FALSE,0,N/A,N/A,N/A,N/A,N/A,120.156.95.184
89.144.193.232,FALSE,2022-03-23T14:53:22-04:00,FALSE,A1 Telekom Austria,A1 Telekom Austria,8447,089144193232.atnat0002.highway.a1.net,AT,Linz,Oberosterreich,48.29999924,14.30000019,1,FALSE,FALSE,FALSE,FALSE,Premium required.,Premium required.,FALSE,FALSE,30,N/A,N/A,N/A,N/A,N/A,89.144.193.232
138.130.38.211,FALSE,2022-03-23T14:53:24-04:00,FALSE,Telstra Internet,Telstra Internet,1221,cpe-138-130-38-211.qb50.nqld.asp.telstra.net,AU,Mackay,Queensland,-21.14999962,149.16999817,1,FALSE,FALSE,FALSE,FALSE,Premium required.,Premium required.,FALSE,FALSE,0,N/A,N/A,N/A,N/A,N/A,138.130.38.211
27.252.221.124,FALSE,2022-03-23T14:53:25-04:00,FALSE,Vodafone New Zealand,Vodafone New Zealand,9500,124.221.252.27.dyn.cust.vf.net.nz,NZ,Wellington,Wellington,-41.29999924,174.77999878,1,FALSE,FALSE,FALSE,FALSE,Premium required.,Premium required.,FALSE,FALSE,0,N/A,N/A,N/A,N/A,N/A,27.252.221.124
49.178.64.15,FALSE,2022-03-23T14:53:26-04:00,FALSE,Optus,Optus,4804,pa49-178-64-15.pa.nsw.optusnet.com.au,AU,Adelaide,South Australia,-34.93000031,138.6000061,1,FALSE,FALSE,FALSE,FALSE,Premium required.,Premium required.,FALSE,FALSE,0,N/A,N/A,N/A,N/A,N/A,49.178.64.15
118.92.240.52,FALSE,2022-03-23T14:53:28-04:00,FALSE,Vodafone New Zealand,Vodafone New Zealand,9500,118-92-240-52.dsl.dyn.ihug.co.nz,NZ,Christchurch,Canterbury,-43.52999878,172.63000488,1,FALSE,FALSE,FALSE,FALSE,Premium required.,Premium required.,FALSE,FALSE,0,N/A,N/A,N/A,N/A,N/A,118.92.240.52
124.171.218.2,FALSE,2022-03-23T14:53:30-04:00,FALSE,TPG Internet,TPG Internet,7545,124-171-218-2.tpgi.com.au,AU,Brisbane,Queensland,-27.46999931,153.02000427,1,FALSE,FALSE,FALSE,FALSE,Premium required.,Premium required.,FALSE,FALSE,0,N/A,N/A,N/A,N/A,N/A,124.171.218.2
210.12.195.129,FALSE,2022-03-23T14:53:31-04:00,FALSE,China Unicom,China Unicom,4808,210.12.195.129,CN,Haidian,Beijing,39.97999954,116.30000305,1,FALSE,FALSE,FALSE,FALSE,Premium required.,Premium required.,FALSE,FALSE,0,N/A,N/A,N/A,N/A,N/A,210.12.195.129
101.178.47.139,FALSE,2022-03-23T14:53:33-04:00,FALSE,Telstra Internet,Telstra Internet,1221,101.178.47.139,AU,Sydney,New South Wales,-33.86000061,151.21000671,1,FALSE,FALSE,FALSE,FALSE,Premium required.,Premium required.,FALSE,FALSE,0,N/A,N/A,N/A,N/A,N/A,101.178.47.139
101.176.218.209,FALSE,2022-03-23T14:53:34-04:00,FALSE,Telstra Internet,Telstra Internet,1221,cpe-101-176-218-209.nb12.nsw.asp.telstra.net,AU,Sydney,New South Wales,-33.86000061,151.21000671,1,FALSE,FALSE,FALSE,FALSE,Premium required.,Premium required.,FALSE,FALSE,0,N/A,N/A,N/A,N/A,N/A,101.176.218.209
103.35.82.152,FALSE,2022-03-23T14:53:02-04:00,TRUE,Flash Fibres,Flash Fibres,134503,103.35.82.152,AU,Sunshine Coast,Queensland,-38.16999817,145.13999939,1,FALSE,FALSE,FALSE,FALSE,Premium required.,Premium required.,FALSE,FALSE,73,N/A,N/A,N/A,N/A,N/A,103.35.82.152
1.136.106.118,FALSE,2022-03-23T14:53:04-04:00,FALSE,Telstra Internet,Telstra Internet,1221,1.136.106.118,AU,Melbourne,Victoria,-37.81000137,144.96000671,1,FALSE,FALSE,FALSE,FALSE,Premium required.,Premium required.,FALSE,FALSE,0,N/A,N/A,N/A,N/A,N/A,1.136.106.118
120.154.177.140,FALSE,2022-03-23T14:53:06-04:00,FALSE,Telstra Internet,Telstra Internet,1221,cpe-120-154-177-140.qb02.qld.asp.telstra.net,AU,Brisbane,Queensland,-27.46999931,153.02000427,1,FALSE,FALSE,FALSE,FALSE,Premium required.,Premium required.,FALSE,FALSE,0,N/A,N/A,N/A,N/A,N/A,120.154.177.140
144.134.69.203,FALSE,2022-03-23T14:53:07-04:00,FALSE,Telstra Internet,Telstra Internet,1221,cpe-144-134-69-203.qb05.qld.asp.telstra.net,AU,Brisbane,Queensland,-27.46999931,153.02000427,1,FALSE,FALSE,FALSE,FALSE,Premium required.,Premium required.,FALSE,FALSE,0,N/A,N/A,N/A,N/A,N/A,144.134.69.203
183.0.97.76,FALSE,2022-03-23T14:53:09-04:00,FALSE,China Telecom,China Telecom,4134,183.0.97.76,CN,Lianjiang,Guangdong,26.20000076,119.54000092,1,FALSE,FALSE,FALSE,FALSE,Premium required.,Premium required.,FALSE,FALSE,0,N/A,N/A,N/A,N/A,N/A,183.0.97.76
119.224.123.155,FALSE,2022-03-23T14:53:11-04:00,FALSE,Vocus New Zealand,Vocus New Zealand,9790,default-rdns.vocus.co.nz,NZ,Christchurch,Canterbury,-43.52999878,172.63000488,1,FALSE,FALSE,FALSE,FALSE,Premium required.,Premium required.,FALSE,FALSE,0,N/A,N/A,N/A,N/A,N/A,119.224.123.155
203.221.135.151,FALSE,2022-03-23T14:53:12-04:00,FALSE,TPG Internet,TPG Internet,7545,203.221.135.151,AU,Sydney,New South Wales,-33.86000061,151.21000671,1,FALSE,FALSE,FALSE,FALSE,Premium required.,Premium required.,FALSE,FALSE,0,N/A,N/A,N/A,N/A,N/A,203.221.135.151
60.218.175.155,FALSE,2022-03-23T14:53:13-04:00,FALSE,China Unicom,China Unicom,4837,60.218.175.155,CN,Daqing,Heilongjiang,41.72000122,123.19999695,1,FALSE,FALSE,FALSE,FALSE,Premium required.,Premium required.,FALSE,FALSE,0,N/A,N/A,N/A,N/A,N/A,60.218.175.155
134.7.128.92,FALSE,2022-03-23T14:53:15-04:00,FALSE,Curtin University,Curtin University,38083,134.7.128.92,AU,Perth,Western Australia,-31.95000076,115.86000061,1,FALSE,FALSE,FALSE,FALSE,Premium required.,Premium required.,FALSE,FALSE,0,N/A,N/A,N/A,N/A,N/A,134.7.128.92
203.33.163.153,FALSE,2022-03-23T14:53:16-04:00,FALSE,iiNet Limited,iiNet Limited,7545,203-33-163-153.dyn.iinet.net.au,AU,Brisbane,Queensland,-27.46999931,153.02000427,1,FALSE,FALSE,FALSE,FALSE,Premium required.,Premium required.,FALSE,FALSE,0,N/A,N/A,N/A,N/A,N/A,203.33.163.153
49.196.179.234,FALSE,2022-03-23T14:53:18-04:00,FALSE,Optus,Optus,4804,pa49-196-179-234.pa.vic.optusnet.com.au,AU,Perth,Western Australia,-31.95000076,115.86000061,1,FALSE,FALSE,FALSE,FALSE,Premium required.,Premium required.,FALSE,FALSE,0,N/A,N/A,N/A,N/A,N/A,49.196.179.234
27.252.179.31,FALSE,2022-03-23T14:53:20-04:00,FALSE,Vodafone New Zealand,Vodafone New Zealand,9500,31.179.252.27.dyn.cust.vf.net.nz,NZ,Auckland,Auckland,-36.86999893,174.77000427,1,FALSE,FALSE,FALSE,FALSE,Premium required.,Premium required.,FALSE,FALSE,0,N/A,N/A,N/A,N/A,N/A,27.252.179.31
122.59.126.181,FALSE,2022-03-23T14:53:20-04:00,TRUE,Spark New Zealand,Spark New Zealand,4771,122-59-126-181-fibre.sparkbb.co.nz,NZ,Christchurch,Canterbury,-43.52999878,172.63000488,1,FALSE,FALSE,FALSE,FALSE,Premium required.,Premium required.,FALSE,FALSE,70,N/A,N/A,N/A,N/A,N/A,122.59.126.181
121.206.114.8,FALSE,2022-03-23T14:53:21-04:00,FALSE,China Telecom,China Telecom,4134,121.206.114.8,CN,Longyan,Fujian,25.11000061,117.01999664,1,FALSE,FALSE,FALSE,FALSE,Premium required.,Premium required.,FALSE,FALSE,0,N/A,N/A,N/A,N/A,N/A,121.206.114.8
167.58.110.179,FALSE,2022-03-23T14:53:22-04:00,FALSE,Antel Uruguay,Antel Uruguay,6057,r167-58-110-179.dialup.adsl.anteldata.net.uy,UY,Canelones,Canelones,-34.52000046,-56.27999878,1,FALSE,FALSE,FALSE,FALSE,Premium required.,Premium required.,FALSE,FALSE,0,N/A,N/A,N/A,N/A,N/A,167.58.110.179
119.224.84.88,FALSE,2022-03-23T14:53:24-04:00,FALSE,Vocus New Zealand,Vocus New Zealand,9790,default-rdns.vocus.co.nz,NZ,Christchurch,Canterbury,-43.52999878,172.63000488,1,FALSE,FALSE,FALSE,FALSE,Premium required.,Premium required.,FALSE,FALSE,0,N/A,N/A,N/A,N/A,N/A,119.224.84.88
194.166.52.20,FALSE,2022-03-23T14:53:25-04:00,FALSE,A1 Telekom Austria,A1 Telekom Austria,1901,194-166-52-20.adsl.highway.telekom.at,AT,Mattersburg,Burgenland,47.72999954,16.39999962,1,FALSE,FALSE,FALSE,FALSE,Premium required.,Premium required.,FALSE,FALSE,0,N/A,N/A,N/A,N/A,N/A,194.166.52.20
121.212.144.36,FALSE,2022-03-23T14:53:27-04:00,FALSE,Telstra Internet,Telstra Internet,1221,cpe-121-212-144-36.nb06.nsw.asp.telstra.net,AU,Sydney,New South Wales,-33.86000061,151.21000671,1,FALSE,FALSE,FALSE,FALSE,Premium required.,Premium required.,FALSE,FALSE,0,N/A,N/A,N/A,N/A,N/A,121.212.144.36
121.99.164.229,FALSE,2022-03-23T14:53:28-04:00,FALSE,Orcon,Orcon,9790,dynamic-cpe-pool.orcon.net.nz,NZ,Levin,Manawatu-Wanganui,-40.63000107,175.27999878,1,FALSE,FALSE,FALSE,FALSE,Premium required.,Premium required.,FALSE,FALSE,0,N/A,N/A,N/A,N/A,N/A,121.99.164.229
220.253.80.162,FALSE,2022-03-23T14:53:30-04:00,FALSE,TPG Internet,TPG Internet,7545,220-253-80-162.tpgi.com.au,AU,Adelaide,South Australia,-34.93000031,138.6000061,1,FALSE,FALSE,FALSE,FALSE,Premium required.,Premium required.,FALSE,FALSE,0,N/A,N/A,N/A,N/A,N/A,220.253.80.162
120.156.14.36,FALSE,2022-03-23T14:53:31-04:00,FALSE,Telstra Internet,Telstra Internet,1221,cpe-120-156-14-36.qb04.qld.asp.telstra.net,AU,Sydney,New South Wales,-33.86000061,151.21000671,1,FALSE,FALSE,FALSE,FALSE,Premium required.,Premium required.,FALSE,FALSE,0,N/A,N/A,N/A,N/A,N/A,120.156.14.36
90.119.31.74,FALSE,2022-03-23T14:53:32-04:00,FALSE,Orange,Orange,3215,lfbn-tln-1-182-74.w90-119.abo.wanadoo.fr,FR,Hyres,Provence-Alpes-Cte d'Azur,43.09000015,5.82000017,1,FALSE,FALSE,FALSE,FALSE,Premium required.,Premium required.,FALSE,FALSE,0,N/A,N/A,N/A,N/A,N/A,90.119.31.74
182.54.174.214,FALSE,2022-03-23T14:53:32-04:00,FALSE,UniFone New Zealand,UniFone New Zealand,45637,182.54.174.214,NZ,Dunedin,Otago,-45.86999893,170.5,1,FALSE,FALSE,FALSE,FALSE,Premium required.,Premium required.,FALSE,FALSE,0,N/A,N/A,N/A,N/A,N/A,182.54.174.214
120.147.24.80,FALSE,2022-03-23T14:53:34-04:00,FALSE,Telstra Internet,Telstra Internet,1221,cpe-120-147-24-80.vb11.vic.asp.telstra.net,AU,Melbourne,Victoria,-37.81000137,144.96000671,1,FALSE,FALSE,FALSE,FALSE,Premium required.,Premium required.,FALSE,FALSE,0,N/A,N/A,N/A,N/A,N/A,120.147.24.80
121.99.222.29,FALSE,2022-03-23T14:53:35-04:00,FALSE,Orcon,Orcon,9790,dynamic-cpe-pool.orcon.net.nz,NZ,Christchurch,Canterbury,-43.52999878,172.63000488,1,FALSE,FALSE,FALSE,FALSE,Premium required.,Premium required.,FALSE,FALSE,0,N/A,N/A,N/A,N/A,N/A,121.99.222.29